{"mean":7.912434157054866,"stdev":13.864291542366821,"max":87.92334386003344,"iCID":3.939223516778946}